{
  "drive": {
    "p": 0.000209,
    "i": 0.000000000,
    "d": 0.1,
    "f": 0,
    "iz": 0
  },
  "angle": {
    "p": 0.0035,
    "i": 0.0000000000000,
    "d": 0.0,
    "f": 0,
    "iz": 0
  }
}